Name,Area - Phone,Joined
  osaro IGBINEDION,GRA - 08030001111,2026-01-10
Efe okoro ,Ugbowo - 08030002222,2026-02-11
CHIAMAKA NWOSU,GRA - 08030003333,2026-03-12
ehis  aigbe,Ekenwan - 08030004444,2026-04-13
Blessing Omoregie,Ugbowo - 08030005555,2026-05-14
  osaro IGBINEDION,GRA - 08030001111,2026-06-15
tunde bakare,GRA - 08030006666,2026-07-16
NGOZI   EZE,Ekenwan - 08030007777,2026-08-17
Ivie Osagie,GRA - 08030008888,2026-09-18
musa abdullahi ,Ugbowo - 08030009999,2026-01-19
Efe okoro ,Ugbowo - 08030002222,2026-02-20
grace EBOSELE,GRA - 08031110000,2026-03-21
Ada Obi,Ugbowo - 08031112222,2026-04-22
KELECHI okafor,GRA - 08031113333,2026-05-23
uyi iyamu,Ekenwan - 08031114444,2026-06-24
Joy Adeyemi  ,GRA - 08031115555,2026-07-25
tunde bakare,GRA - 08030006666,2026-08-26
Femi Uwaifo,Ugbowo - 08031116666,2026-09-27
amaka   nwachukwu,GRA - 08031117777,2026-01-28
Osas Ogbe,Ekenwan - 08031118888,2026-02-29
