OrderID,Date,Client,Area,Code,Product,Qty,Price,Paid
UF-0001,2026-01-01,Kelechi Bakare,GRA,SB,Small Box,2,4500,Yes
UF-0002,2026-01-01,Funmi Edo,GRA,SB,Small Box,2,4500,Yes
UF-0003,2026-01-02,Blessing Osagie,Ugbowo,VG,Veg Box,2,5000,Yes
UF-0004,2026-01-04,Kelechi Bakare,GRA,VG,Veg Box,6,5000,Yes
UF-0005,2026-01-05,Joy Okoro,GRA,SB,Small Box,3,4500,Yes
UF-0006,2026-01-06,Joy Obi,GRA,SB,Small Box,2,4500,Yes
UF-0007,2026-01-06,Amaka Nwachukwu,Ugbowo,VG,Veg Box,2,5000,Yes
UF-0008,2026-01-07,Emeka Okoro,GRA,SB,Small Box,5,4500,Yes
UF-0009,2026-01-07,Ivie Ibrahim,GRA,FB,Family Box,1,8000,Yes
UF-0010,2026-01-08,Ruth Aigbe,GRA,SB,Small Box,4,4500,Yes
UF-0011,2026-01-09,Joy Omoregie,GRA,FB,Family Box,10,8000,Yes
UF-0012,2026-01-09,Kelechi Bakare,GRA,VG,Veg Box,4,5000,Yes
UF-0013,2026-01-12,Chiamaka Nwachukwu,GRA,FB,Family Box,8,8000,Yes
UF-0014,2026-01-12,Chiamaka Nwachukwu,Ugbowo,FB,Family Box,10,8000,Yes
UF-0015,2026-01-18,Chiamaka Nwachukwu,GRA,FB,Family Box,4,8000,Yes
UF-0016,2026-01-18,Amaka Nwosu,GRA,SB,Small Box,8,4500,Yes
UF-0017,2026-01-18,Osaro Edo,Ugbowo,FB,Family Box,1,8000,Yes
UF-0018,2026-01-20,Bisi Aigbe,GRA,SB,Small Box,6,4500,Yes
UF-0019,2026-01-21,Joy Okoro,Ugbowo,SB,Small Box,5,4500,Yes
UF-0020,2026-01-21,Uyi Iyamu,Ugbowo,SB,Small Box,3,4500,Yes
UF-0021,2026-01-23,Joy Omoregie,Ugbowo,FB,Family Box,1,8000,Yes
UF-0022,2026-01-25,Chiamaka Osagie,GRA,VG,Veg Box,8,5000,Yes
UF-0023,2026-01-26,Tunde Osagie,GRA,FB,Family Box,1,8000,Yes
UF-0024,2026-01-26,Uyi Okoro,Ugbowo,SB,Small Box,6,4500,Yes
UF-0025,2026-02-01,Uyi Nwachukwu,Ugbowo,FR,Fruit Box,2,6000,Yes
UF-0026,2026-02-02,Ruth Eze,Ugbowo,VG,Veg Box,4,5000,Yes
UF-0027,2026-02-04,Efe Nwachukwu,Ugbowo,VG,Veg Box,3,5000,Yes
UF-0028,2026-02-04,Joy Omoregie,Ugbowo,FB,Family Box,2,8000,Yes
UF-0029,2026-02-05,Zainab Nwosu,GRA,FB,Family Box,10,8000,Yes
UF-0030,2026-02-05,Ehis Okafor,GRA,FR,Fruit Box,8,6000,Yes
UF-0031,2026-02-06,Blessing Uwaifo,GRA,FB,Family Box,2,8000,Yes
UF-0032,2026-02-06,Emeka Ebosele,Ugbowo,FB,Family Box,8,8000,Yes
UF-0033,2026-02-07,Ruth Uwaifo,Ugbowo,VG,Veg Box,1,5000,Yes
UF-0034,2026-02-09,Efe Nwachukwu,GRA,FB,Family Box,10,8000,Yes
UF-0035,2026-02-10,Emeka Ebosele,Ugbowo,FB,Family Box,1,8000,Yes
UF-0036,2026-02-11,Femi Ibrahim,GRA,SB,Small Box,5,4500,Yes
UF-0037,2026-02-11,Emeka Aigbe,Ugbowo,FB,Family Box,1,8000,No
UF-0038,2026-02-11,Tunde Osagie,Ugbowo,FR,Fruit Box,10,6000,Yes
UF-0039,2026-02-13,Efe Ibrahim,GRA,FB,Family Box,8,8000,Yes
UF-0040,2026-02-13,Joy Okoro,GRA,FR,Fruit Box,5,6000,Yes
UF-0041,2026-02-13,Amaka Okoro,Ugbowo,SB,Small Box,4,4500,Yes
UF-0042,2026-02-14,Bisi Aigbe,Ugbowo,FB,Family Box,2,8000,Yes
UF-0043,2026-02-14,Femi Ibrahim,Ugbowo,VG,Veg Box,2,5000,No
UF-0044,2026-02-15,Zainab Nwosu,GRA,FR,Fruit Box,10,6000,No
UF-0045,2026-02-16,Amaka Nwachukwu,GRA,SB,Small Box,1,4500,Yes
UF-0046,2026-02-16,Amaka Nwosu,Ugbowo,SB,Small Box,4,4500,Yes
UF-0047,2026-02-17,Tunde Edo,GRA,VG,Veg Box,8,5000,Yes
UF-0048,2026-02-19,Emeka Edo,Ugbowo,FR,Fruit Box,2,6000,Yes
UF-0049,2026-02-19,Musa Uwaifo,Ugbowo,FB,Family Box,3,8000,Yes
UF-0050,2026-02-20,Ada Omoregie,GRA,SB,Small Box,1,4500,Yes
UF-0051,2026-02-20,Ada Omoregie,GRA,VG,Veg Box,2,5000,Yes
UF-0052,2026-02-20,Chiamaka Nwosu,Ugbowo,SB,Small Box,2,4500,Yes
UF-0053,2026-02-21,Joy Okoro,Ugbowo,FB,Family Box,1,8000,Yes
UF-0054,2026-02-22,Tunde Edo,GRA,FB,Family Box,4,8000,Yes
UF-0055,2026-02-24,Zainab Okafor,Ugbowo,SB,Small Box,10,4500,No
UF-0056,2026-02-25,Joy Nwachukwu,GRA,SB,Small Box,2,4500,Yes
UF-0057,2026-02-25,Bisi Nwosu,Ugbowo,SB,Small Box,2,4500,Yes
UF-0058,2026-03-01,Efe Nwosu,Ugbowo,VG,Veg Box,1,5000,Yes
UF-0059,2026-03-03,Efe Osagie,GRA,VG,Veg Box,4,5000,No
UF-0060,2026-03-06,Emeka Okoro,GRA,FB,Family Box,6,8000,No
UF-0061,2026-03-07,Blessing Ebosele,GRA,VG,Veg Box,3,5000,Yes
UF-0062,2026-03-07,Kelechi Aigbe,Ugbowo,SB,Small Box,8,4500,Yes
UF-0063,2026-03-08,Kelechi Aigbe,GRA,FB,Family Box,4,8000,Yes
UF-0064,2026-03-08,Grace Osagie,Ugbowo,SB,Small Box,2,4500,No
UF-0065,2026-03-09,Tunde Edo,Ugbowo,VG,Veg Box,10,5000,Yes
UF-0066,2026-03-10,Bisi Aigbe,GRA,FR,Fruit Box,2,6000,No
UF-0067,2026-03-13,Bisi Nwosu,GRA,FB,Family Box,1,8000,Yes
UF-0068,2026-03-14,Ruth Uwaifo,GRA,VG,Veg Box,3,5000,No
UF-0069,2026-03-16,Bisi Nwosu,Ugbowo,FR,Fruit Box,8,6000,Yes
UF-0070,2026-03-16,Ruth Eze,Ugbowo,FB,Family Box,2,8000,Yes
UF-0071,2026-03-16,Efe Osagie,Ugbowo,VG,Veg Box,2,5000,Yes
UF-0072,2026-03-18,Efe Ibrahim,GRA,FB,Family Box,8,8000,Yes
UF-0073,2026-03-19,Efe Nwachukwu,GRA,FB,Family Box,4,8000,Yes
UF-0074,2026-03-19,Efe Ibrahim,Ugbowo,FB,Family Box,3,8000,Yes
UF-0075,2026-03-20,Grace Ogbe,GRA,FB,Family Box,10,8000,Yes
UF-0076,2026-03-21,Efe Nwosu,GRA,FR,Fruit Box,8,6000,Yes
UF-0077,2026-03-21,Efe Osagie,Ugbowo,FB,Family Box,1,8000,Yes
UF-0078,2026-03-24,Zainab Edo,GRA,VG,Veg Box,1,5000,No
UF-0079,2026-03-24,Joy Adeyemi,GRA,SB,Small Box,6,4500,Yes
UF-0080,2026-03-24,Amaka Okoro,Ugbowo,FR,Fruit Box,8,6000,Yes
UF-0081,2026-03-26,Tunde Edo,GRA,SB,Small Box,5,4500,Yes
UF-0082,2026-03-26,Chiamaka Osagie,Ugbowo,FB,Family Box,1,8000,Yes
UF-0083,2026-03-27,Ruth Aigbe,GRA,FB,Family Box,2,8000,Yes
UF-0084,2026-03-28,Tunde Osagie,GRA,SB,Small Box,3,4500,Yes
UF-0085,2026-04-01,Kelechi Aigbe,GRA,FR,Fruit Box,1,6000,Yes
UF-0086,2026-04-01,Amaka Okoro,Ugbowo,FB,Family Box,6,8000,Yes
UF-0087,2026-04-01,Emeka Aigbe,Ugbowo,SB,Small Box,8,4500,Yes
UF-0088,2026-04-03,Tunde Edo,Ugbowo,FR,Fruit Box,2,6000,Yes
UF-0089,2026-04-04,Ehis Okafor,Ugbowo,FB,Family Box,2,8000,Yes
UF-0090,2026-04-05,Kelechi Aigbe,Ugbowo,FB,Family Box,2,8000,Yes
UF-0091,2026-04-06,Emeka Eze,GRA,SB,Small Box,2,4500,Yes
UF-0092,2026-04-06,Emeka Eze,GRA,SB,Small Box,2,4500,Yes
UF-0093,2026-04-06,Joy Okoro,GRA,FB,Family Box,8,8000,Yes
UF-0094,2026-04-06,Emeka Aigbe,GRA,FB,Family Box,2,8000,Yes
UF-0095,2026-04-06,Emeka Obi,Ugbowo,FB,Family Box,3,8000,Yes
UF-0096,2026-04-07,Emeka Aigbe,GRA,SB,Small Box,5,4500,Yes
UF-0097,2026-04-07,Blessing Osagie,GRA,FB,Family Box,2,8000,Yes
UF-0098,2026-04-07,Emeka Edo,Ugbowo,FB,Family Box,4,8000,No
UF-0099,2026-04-09,Emeka Eze,GRA,SB,Small Box,4,4500,Yes
UF-0100,2026-04-09,Osaro Edo,GRA,VG,Veg Box,2,5000,Yes
UF-0101,2026-04-10,Joy Omoregie,GRA,FR,Fruit Box,6,6000,Yes
UF-0102,2026-04-10,Ruth Aigbe,GRA,VG,Veg Box,8,5000,Yes
UF-0103,2026-04-10,Zainab Nwosu,Ugbowo,SB,Small Box,2,4500,Yes
UF-0104,2026-04-10,Amaka Obi,Ugbowo,VG,Veg Box,8,5000,Yes
UF-0105,2026-04-11,Ruth Aigbe,GRA,FB,Family Box,2,8000,Yes
UF-0106,2026-04-12,Ehis Ibrahim,Ugbowo,VG,Veg Box,6,5000,Yes
UF-0107,2026-04-12,Femi Ibrahim,Ugbowo,SB,Small Box,5,4500,Yes
UF-0108,2026-04-13,Chiamaka Nwosu,GRA,FB,Family Box,1,8000,Yes
UF-0109,2026-04-16,Amaka Obi,GRA,VG,Veg Box,5,5000,Yes
UF-0110,2026-04-16,Musa Uwaifo,GRA,FR,Fruit Box,2,6000,Yes
UF-0111,2026-04-16,Bisi Aigbe,Ugbowo,FB,Family Box,1,8000,Yes
UF-0112,2026-04-17,Emeka Aigbe,GRA,FR,Fruit Box,2,6000,Yes
UF-0113,2026-04-18,Zainab Nwosu,Ugbowo,SB,Small Box,1,4500,Yes
UF-0114,2026-04-20,Amaka Nwosu,Ugbowo,VG,Veg Box,1,5000,No
UF-0115,2026-04-21,Efe Ibrahim,GRA,FB,Family Box,1,8000,Yes
UF-0116,2026-04-21,Emeka Obi,Ugbowo,FB,Family Box,10,8000,Yes
UF-0117,2026-04-22,Grace Ogbe,Ugbowo,SB,Small Box,4,4500,Yes
UF-0118,2026-04-24,Osaro Edo,GRA,FR,Fruit Box,2,6000,Yes
UF-0119,2026-04-24,Ruth Aigbe,Ugbowo,VG,Veg Box,8,5000,Yes
UF-0120,2026-04-25,Efe Nwachukwu,GRA,SB,Small Box,3,4500,Yes
UF-0121,2026-04-25,Nosa Ibrahim,GRA,FB,Family Box,4,8000,Yes
UF-0122,2026-04-26,Efe Ibrahim,GRA,SB,Small Box,1,4500,Yes
UF-0123,2026-04-27,Blessing Ebosele,GRA,VG,Veg Box,4,5000,Yes
UF-0124,2026-04-27,Chiamaka Nwachukwu,GRA,SB,Small Box,4,4500,Yes
UF-0125,2026-04-27,Zainab Okafor,GRA,FB,Family Box,6,8000,No
UF-0126,2026-04-27,Joy Obi,Ugbowo,SB,Small Box,2,4500,Yes
UF-0127,2026-05-01,Tunde Osagie,GRA,FB,Family Box,1,8000,Yes
UF-0128,2026-05-01,Chiamaka Osagie,GRA,FB,Family Box,6,8000,Yes
UF-0129,2026-05-01,Kelechi Bakare,Ugbowo,VG,Veg Box,2,5000,Yes
UF-0130,2026-05-04,Zainab Edo,GRA,FR,Fruit Box,2,6000,Yes
UF-0131,2026-05-04,Chiamaka Osagie,Ugbowo,FB,Family Box,1,8000,Yes
UF-0132,2026-05-05,Amaka Nwosu,GRA,FB,Family Box,3,8000,Yes
UF-0133,2026-05-05,Joy Obi,Ugbowo,FB,Family Box,1,8000,Yes
UF-0134,2026-05-06,Ruth Uwaifo,GRA,SB,Small Box,3,4500,Yes
UF-0135,2026-05-08,Chiamaka Aigbe,GRA,SB,Small Box,8,4500,Yes
UF-0136,2026-05-09,Osas Eze,GRA,FB,Family Box,8,8000,Yes
UF-0137,2026-05-09,Ruth Eze,Ugbowo,FB,Family Box,4,8000,Yes
UF-0138,2026-05-11,Funmi Edo,GRA,FB,Family Box,1,8000,Yes
UF-0139,2026-05-11,Blessing Uwaifo,Ugbowo,FB,Family Box,1,8000,Yes
UF-0140,2026-05-12,Amaka Nwosu,GRA,SB,Small Box,8,4500,Yes
UF-0141,2026-05-12,Efe Osagie,gra,FB,Family Box,2,8000,Yes
UF-0142,2026-05-13,Chiamaka Nwachukwu,GRA,VG,Veg Box,1,5000,Yes
UF-0143,2026-05-14,Emeka Okoro,GRA,FR,Fruit Box,3,6000,Yes
UF-0144,2026-05-15,Emeka Obi,GRA,SB,Small Box,2,4500,No
UF-0145,2026-05-15,Efe Osagie,GRA,FB,Family Box,8,8000,No
UF-0146,2026-05-16,Chiamaka Nwosu,GRA,FB,Family Box,2,8000,Yes
UF-0147,2026-05-16,Grace Ogbe,Ugbowo,FB,Family Box,1,8000,Yes
UF-0148,2026-05-17,Ruth Eze,GRA,FB,Family Box,8,8000,No
UF-0149,2026-05-19,Joy Omoregie,Ugbowo,FB,Family Box,1,8000,Yes
UF-0150,2026-05-20,Amaka Obi,GRA,FR,Fruit Box,5,6000,Yes
UF-0151,2026-05-20,Chiamaka Aigbe,Ugbowo,FB,Family Box,8,8000,Yes
UF-0152,2026-05-21,Osas Eze,Ugbowo,SB,Small Box,5,4500,Yes
UF-0153,2026-05-22,Joy Nwachukwu,Ugbowo,FB,Family Box,10,8000,Yes
UF-0154,2026-05-25,Chiamaka Nwosu,GRA,FB,Family Box,1,8000,Yes
UF-0155,2026-05-25,Blessing Ebosele,GRA,FB,Family Box,6,8000,Yes
UF-0156,2026-05-26,Tunde Osagie,GRA,SB,Small Box,6,4500,Yes
UF-0157,2026-05-26,Chiamaka Nwachukwu,GRA,FB,Family Box,4,8000,Yes
UF-0158,2026-05-27,Efe Nwosu,Ugbowo,FB,Family Box,10,8000,Yes
UF-0159,2026-05-28,Efe Ibrahim,GRA,SB,Small Box,5,4500,Yes
UF-0160,2026-05-28,Ikpe Nwosu,Ugbowo,SB,Small Box,2,4500,Yes
UF-0161,2026-06-01,Funmi Edo,GRA,VG,Veg Box,2,5000,Yes
UF-0162,2026-06-02,Musa Omoregie,gra,FB,Family Box,6,8000,Yes
UF-0163,2026-06-03,Chiamaka Osagie,GRA,FR,Fruit Box,8,6000,Yes
UF-0164,2026-06-03,Blessing Osagie,Ugbowo,VG,Veg Box,2,5000,Yes
UF-0165,2026-06-03,Femi Okafor,Ugbowo,SB,Small Box,6,4500,Yes
UF-0166,2026-06-04,Ngozi Ebosele,GRA,FR,Fruit Box,3,6000,Yes
UF-0167,2026-06-04,Tunde Edo,Ugbowo,SB,Small Box,1,4500,Yes
UF-0168,2026-06-05,Chiamaka Ibrahim,GRA,SB,Small Box,3,4500,Yes
UF-0169,2026-06-06,Chiamaka Nwachukwu,GRA,SB,Small Box,8,4500,No
UF-0170,2026-06-08,Osas Eze,GRA,FR,Fruit Box,3,6000,Yes
UF-0171,2026-06-08,Uyi Nwachukwu,GRA,SB,Small Box,3,4500,Yes
UF-0172,2026-06-08,Bisi Aigbe,Ugbowo,VG,Veg Box,1,5000,Yes
UF-0173,2026-06-10,Emeka Okoro,GRA,FB,Family Box,3,8000,Yes
UF-0174,2026-06-12,Osaro Edo,GRA,SB,Small Box,1,4500,Yes
UF-0175,2026-06-12,Ngozi Ebosele,GRA,SB,Small Box,1,4500,Yes
UF-0176,2026-06-12,Nosa Ibrahim,Ugbowo,SB,Small Box,2,4500,Yes
UF-0177,2026-06-13,Uyi Nwachukwu,Ugbowo,FR,Fruit Box,1,6000,Yes
UF-0178,2026-06-13,Obi Nwachukwu,Ugbowo,VG,Veg Box,1,5000,Yes
UF-0179,2026-06-14,Uyi Iyamu,GRA,FR,Fruit Box,8,6000,Yes
UF-0180,2026-06-16,Ehis Okafor,Ugbowo,FB,Family Box,1,8000,Yes
UF-0181,2026-06-18,Joy Okoro,GRA,SB,Small Box,5,4500,Yes
UF-0182,2026-06-18,Osaro Edo,Ugbowo,FB,Family Box,1,8000,Yes
UF-0183,2026-06-19,Chiamaka Nwachukwu,GRA,VG,Veg Box,8,5000,Yes
UF-0184,2026-06-19,Amaka Okoro,GRA,SB,Small Box,3,4500,Yes
UF-0185,2026-06-19,Chiamaka Nwosu,Ugbowo,FB,Family Box,2,8000,Yes
UF-0186,2026-06-20,Obi Nwachukwu,Ugbowo,VG,Veg Box,4,5000,Yes
UF-0187,2026-06-21,Joy Omoregie,GRA,SB,Small Box,10,4500,Yes
UF-0188,2026-06-22,Joy Obi,GRA,VG,Veg Box,10,5000,Yes
UF-0189,2026-06-22,Blessing Ebosele,Ugbowo,SB,Small Box,2,4500,Yes
UF-0190,2026-06-23,Emeka Edo,GRA,FR,Fruit Box,2,6000,Yes
UF-0191,2026-06-24,Tunde Osagie,GRA,VG,Veg Box,3,5000,Yes
UF-0192,2026-06-26,Amaka Obi,Ugbowo,FB,Family Box,1,8000,Yes
UF-0193,2026-06-28,Joy Adeyemi,Ugbowo,FB,Family Box,4,8000,Yes
UF-0194,2026-07-01,Efe Ebosele,GRA,SB,Small Box,3,4500,Yes
UF-0195,2026-07-01,Joy Obi,GRA,FB,Family Box,1,8000,Yes
UF-0196,2026-07-01,Ngozi Ebosele,GRA,SB,Small Box,6,4500,Yes
UF-0197,2026-07-02,Ruth Aigbe,GRA,FB,Family Box,1,8000,No
UF-0198,2026-07-02,Zainab Nwosu,GRA,FR,Fruit Box,3,6000,Yes
UF-0199,2026-07-02,Musa Uwaifo,GRA,FB,Family Box,1,8000,Yes
UF-0200,2026-07-02,Blessing Osagie,Ugbowo,SB,Small Box,1,4500,Yes
UF-0201,2026-07-03,Uyi Nwachukwu,GRA,FB,Family Box,6,8000,Yes
UF-0202,2026-07-03,Kelechi Aigbe,GRA,FB,Family Box,1,8000,Yes
UF-0203,2026-07-03,Joy Okoro,GRA,SB,Small Box,5,4500,Yes
UF-0204,2026-07-03,Ehis Ibrahim,GRA,FB,Family Box,10,8000,Yes
UF-0205,2026-07-03,Ngozi Ebosele,GRA,SB,Small Box,8,4500,Yes
UF-0206,2026-07-03,Zainab Edo,GRA,SB,Small Box,5,4500,Yes
UF-0207,2026-07-03,Chiamaka Ibrahim,GRA,FR,Fruit Box,6,6000,Yes
UF-0208,2026-07-04,Grace Ogbe,GRA,SB,Small Box,6,4500,Yes
UF-0209,2026-07-04,Uyi Iyamu,Ugbowo,FB,Family Box,8,8000,Yes
UF-0210,2026-07-04,Funmi Edo,Ugbowo,FR,Fruit Box,8,6000,Yes
UF-0211,2026-07-05,Zainab Edo,GRA,FB,Family Box,1,8000,Yes
UF-0212,2026-07-05,Osas Eze,GRA,FB,Family Box,4,8000,Yes
UF-0213,2026-07-05,Chiamaka Aigbe,Ekenwan,FB,Family Box,10,8000,Yes
UF-0214,2026-07-06,Ruth Eze,Ugbowo,FB,Family Box,6,8000,Yes
UF-0215,2026-07-07,Blessing Osagie,GRA,SB,Small Box,3,4500,Yes
UF-0216,2026-07-07,Emeka Ebosele,GRA,SB,Small Box,4,4500,Yes
UF-0217,2026-07-07,Efe Nwachukwu,Ugbowo,SB,Small Box,2,4500,Yes
UF-0218,2026-07-08,Emeka Ebosele,Ugbowo,SB,Small Box,10,4500,No
UF-0219,2026-07-08,Efe Nwachukwu,Ekenwan,FR,Fruit Box,1,6000,Yes
UF-0220,2026-07-09,Osas Adeyemi,GRA,FR,Fruit Box,10,6000,No
UF-0221,2026-07-09,Joy Nwachukwu,Ekenwan,VG,Veg Box,4,5000,Yes
UF-0222,2026-07-09,Uyi Okoro,Ekenwan,FB,Family Box,1,8000,Yes
UF-0223,2026-07-10,Efe Nwosu,GRA ,SB,Small Box,4,4500,Yes
UF-0224,2026-07-10,Ada Omoregie,Ugbowo,FR,Fruit Box,1,6000,No
UF-0225,2026-07-10,Emeka Aigbe,Ugbowo,SB,Small Box,10,4500,Yes
UF-0226,2026-07-10,Musa Uwaifo,Ugbowo,SB,Small Box,1,4500,Yes
UF-0227,2026-07-11,Uyi Nwachukwu,GRA,SB,Small Box,1,4500,Yes
UF-0228,2026-07-11,Nosa Ibrahim,Ugbowo,SB,Small Box,10,4500,Yes
UF-0229,2026-07-11,Emeka Edo,Ugbowo,FB,Family Box,4,8000,Yes
UF-0230,2026-07-11,Ehis Okafor,Ekenwan,FB,Family Box,1,8000,Yes
UF-0231,2026-07-12,Chiamaka Nwachukwu,Ugbowo,FB,Family Box,1,8000,Yes
UF-0232,2026-07-12,Osas Eze,Ugbowo,FB,Family Box,10,8000,Yes
UF-0233,2026-07-12,Emeka Edo,Ugbowo,SB,Small Box,10,4500,Yes
UF-0234,2026-07-12,Zainab Nwosu,Ugbowo,FR,Fruit Box,2,6000,Yes
UF-0235,2026-07-12,Emeka Okoro,Ekenwan,SB,Small Box,2,4500,Yes
UF-0236,2026-07-13,Osas Adeyemi,GRA,FB,Family Box,1,8000,Yes
UF-0237,2026-07-13,Bisi Aigbe,GRA,FB,Family Box,8,8000,Yes
UF-0238,2026-07-13,Chiamaka Aigbe,GRA,FB,Family Box,4,8000,Yes
UF-0239,2026-07-14,Zainab Nwosu,Ugbowo,VG,Veg Box,1,5000,Yes
UF-0240,2026-07-14,Grace Akpan,Ugbowo,SB,Small Box,10,4500,Yes
UF-0241,2026-07-15,Femi Okafor,GRA,SB,Small Box,3,4500,Yes
UF-0242,2026-07-15,Femi Ibrahim,Ugbowo,FB,Family Box,5,8000,Yes
UF-0243,2026-07-16,Emeka Obi,GRA,FB,Family Box,4,8000,Yes
UF-0244,2026-07-16,Kelechi Bakare,GRA,FR,Fruit Box,2,6000,No
UF-0245,2026-07-17,Emeka Ebosele,GRA,SB,Small Box,10,4500,Yes
UF-0246,2026-07-18,Emeka Okoro,GRA,VG,Veg Box,5,5000,Yes
UF-0247,2026-07-18,Emeka Okoro,GRA,VG,Veg Box,2,5000,Yes
UF-0248,2026-07-18,Joy Omoregie,Ugbowo,FB,Family Box,3,8000,Yes
UF-0249,2026-07-19,Uyi Iyamu,GRA,SB,Small Box,6,4500,Yes
UF-0250,2026-07-19,Ehis Okafor,Ugbowo,SB,Small Box,5,4500,Yes
UF-0251,2026-07-21,Zainab Edo,GRA,SB,Small Box,3,4500,Yes
UF-0252,2026-07-24,Chiamaka Osagie,GRA,FR,Fruit Box,3,6000,Yes
UF-0253,2026-07-24,Ehis Ibrahim,GRA,FR,Fruit Box,6,6000,Yes
UF-0254,2026-07-25,Emeka Obi,GRA,FB,Family Box,3,8000,No
UF-0255,2026-07-25,Bisi Nwosu,GRA,SB,Small Box,2,4500,Yes
UF-0256,2026-07-26,Bisi Aigbe,GRA,SB,Small Box,6,4500,Yes
UF-0257,2026-07-26,Emeka Okoro,GRA,SB,Small Box,1,4500,Yes
UF-0258,2026-07-26,Musa Uwaifo,GRA,FB,Family Box,5,8000,Yes
UF-0259,2026-07-26,Grace Akpan,GRA,VG,Veg Box,2,5000,Yes
UF-0260,2026-07-26,Emeka Aigbe,Ugbowo,VG,Veg Box,6,5000,Yes
UF-0261,2026-07-26,Joy Okoro,Ekenwan,FR,Fruit Box,1,6000,Yes
UF-0262,2026-07-27,Ada Okafor,GRA,FB,Family Box,2,8000,Yes
UF-0263,2026-07-27,Ruth Eze,GRA,FB,Family Box,10,8000,Yes
UF-0264,2026-07-27,Grace Osagie,GRA,FB,Family Box,2,8000,Yes
UF-0265,2026-07-28,Amaka Nwosu,Ugbowo,FR,Fruit Box,2,6000,Yes
UF-0266,2026-08-01,Osaro Edo,Ugbowo,VG,Veg Box,2,5000,Yes
UF-0267,2026-08-01,Amaka Obi,Ugbowo,SB,Small Box,4,4500,No
UF-0268,2026-08-02,Joy Omoregie,GRA,SB,Small Box,2,4500,Yes
UF-0269,2026-08-02,Emeka Edo,GRA,FB,Family Box,6,8000,Yes
UF-0270,2026-08-03,Ruth Aigbe,GRA,SB,Small Box,3,4500,Yes
UF-0271,2026-08-03,Joy Adeyemi,GRA,FR,Fruit Box,1,6000,Yes
UF-0272,2026-08-04,Blessing Osagie,GRA,VG,Veg Box,3,5000,Yes
UF-0273,2026-08-04,Bisi Aigbe,GRA,FR,Fruit Box,1,6000,Yes
UF-0274,2026-08-04,Musa Uwaifo,GRA,VG,Veg Box,2,5000,Yes
UF-0275,2026-08-05,Grace Osagie,gra,SB,Small Box,4,4500,Yes
UF-0276,2026-08-05,Osas Eze,GRA,VG,Veg Box,2,5000,No
UF-0277,2026-08-06,Femi Okafor,GRA,SB,Small Box,10,4500,Yes
UF-0278,2026-08-06,Funmi Edo,Ugbowo,SB,Small Box,4,4500,Yes
UF-0279,2026-08-07,Ruth Aigbe,GRA,FB,Family Box,8,8000,Yes
UF-0280,2026-08-07,Efe Ibrahim,Ugbowo,FR,Fruit Box,2,6000,Yes
UF-0281,2026-08-07,Amaka Obi,Ekenwan,VG,Veg Box,5,5000,Yes
UF-0282,2026-08-09,Chiamaka Ibrahim,Ugbowo,SB,Small Box,2,4500,Yes
UF-0283,2026-08-10,Chiamaka Ibrahim,GRA,FB,Family Box,1,8000,Yes
UF-0284,2026-08-13,Zainab Edo,GRA,FR,Fruit Box,2,6000,No
UF-0285,2026-08-14,Joy Adeyemi,GRA,VG,Veg Box,2,5000,No
UF-0286,2026-08-14,Efe Nwachukwu,GRA,FR,Fruit Box,5,6000,No
UF-0287,2026-08-14,Emeka Obi,GRA ,FB,Family Box,10,8000,Yes
UF-0288,2026-08-15,Grace Akpan,Ekenwan,FB,Family Box,6,8000,No
UF-0289,2026-08-16,Chiamaka Osagie,Ugbowo,VG,Veg Box,10,5000,Yes
UF-0290,2026-08-18,Zainab Edo,Ugbowo,FB,Family Box,8,8000,Yes
UF-0291,2026-08-19,Blessing Ebosele,GRA,FB,Family Box,2,8000,Yes
UF-0292,2026-08-19,Blessing Ebosele,GRA,FB,Family Box,2,8000,Yes
UF-0293,2026-08-19,Osas Eze,Ugbowo,FR,Fruit Box,2,6000,Yes
UF-0294,2026-08-20,Femi Ibrahim,GRA,VG,Veg Box,5,5000,Yes
UF-0295,2026-08-20,Blessing Osagie,GRA,VG,Veg Box,10,5000,Yes
UF-0296,2026-08-21,Femi Okafor,GRA,VG,Veg Box,3,5000,Yes
UF-0297,2026-08-21,Blessing Ebosele,GRA,VG,Veg Box,8,5000,Yes
UF-0298,2026-08-21,Osas Adeyemi,GRA,VG,Veg Box,3,5000,Yes
UF-0299,2026-08-21,Blessing Osagie,Ugbowo,FB,Family Box,10,8000,Yes
UF-0300,2026-08-21,Funmi Edo,Ugbowo,SB,Small Box,8,4500,Yes
UF-0301,2026-08-21,Funmi Edo,Ugbowo,SB,Small Box,5,4500,Yes
UF-0302,2026-08-22,Ada Okafor,GRA,FR,Fruit Box,1,6000,No
UF-0303,2026-08-22,Tunde Osagie,Ugbowo,SB,Small Box,2,4500,Yes
UF-0304,2026-08-23,Ehis Ibrahim,GRA,VG,Veg Box,5,5000,Yes
UF-0305,2026-08-25,Joy Obi,GRA,VG,Veg Box,2,5000,Yes
UF-0306,2026-08-25,Uyi Okoro,GRA,SB,Small Box,4,4500,Yes
UF-0307,2026-08-25,Efe Nwachukwu,Ugbowo,FB,Family Box,5,8000,No
UF-0308,2026-08-25,Chiamaka Osagie,Ekenwan ,FR,Fruit Box,6,6000,Yes
UF-0309,2026-08-26,Bisi Bakare,GRA,VG,Veg Box,6,5000,Yes
UF-0310,2026-08-27,Grace Osagie,GRA,FB,Family Box,10,8000,Yes
UF-0311,2026-08-27,Grace Osagie,GRA,FB,Family Box,10,8000,Yes
UF-0312,2026-08-27,Zainab Edo,Ugbowo,FB,Family Box,8,8000,Yes
UF-0313,2026-09-01,Grace Akpan,GRA,SB,Small Box,2,4500,No
UF-0314,2026-09-01,Zainab Nwosu,GRA,SB,Small Box,3,4500,Yes
UF-0315,2026-09-01,Tunde Obi,Ugbowo,FR,Fruit Box,1,6000,Yes
UF-0316,2026-09-01,Bisi Aigbe,Ugbowo,FB,Family Box,3,8000,Yes
UF-0317,2026-09-02,Joy Nwachukwu,GRA,FB,Family Box,1,8000,Yes
UF-0318,2026-09-03,Grace Akpan,Ekenwan,FB,Family Box,2,8000,Yes
UF-0319,2026-09-04,Chiamaka Nwachukwu,Ugbowo,SB,Small Box,8,4500,Yes
UF-0320,2026-09-05,Joy Okoro,GRA,FB,Family Box,4,8000,Yes
UF-0321,2026-09-05,Efe Ebosele,Ugbowo,VG,Veg Box,8,5000,Yes
UF-0322,2026-09-06,Chiamaka Ibrahim,GRA,FB,Family Box,1,8000,Yes
UF-0323,2026-09-07,Chiamaka Nwosu,GRA,FB,Family Box,3,8000,Yes
UF-0324,2026-09-07,Joy Adeyemi,Ugbowo,FB,Family Box,2,8000,Yes
UF-0325,2026-09-07,Efe Osagie,Ugbowo,FB,Family Box,2,8000,Yes
UF-0326,2026-09-08,Ikpe Nwosu,GRA,SB,Small Box,2,4500,Yes
UF-0327,2026-09-08,Osas Adeyemi,GRA,FB,Family Box,2,8000,Yes
UF-0328,2026-09-08,Ada Okafor,GRA,FB,Family Box,3,8000,Yes
UF-0329,2026-09-08,Blessing Uwaifo,Ugbowo,SB,Small Box,5,4500,Yes
UF-0330,2026-09-08,Osas Eze,Ugbowo,FR,Fruit Box,10,6000,Yes
UF-0331,2026-09-09,Chiamaka Nwachukwu,Ekenwan,SB,Small Box,2,4500,Yes
UF-0332,2026-09-10,Efe Nwosu,GRA,FB,Family Box,3,8000,Yes
UF-0333,2026-09-10,Efe Nwosu,GRA,SB,Small Box,2,4500,No
UF-0334,2026-09-10,Ehis Ibrahim,Ugbowo,FB,Family Box,1,8000,Yes
UF-0335,2026-09-11,Blessing Uwaifo,GRA,FB,Family Box,1,8000,No
UF-0336,2026-09-11,Amaka Nwosu,GRA,FR,Fruit Box,1,6000,Yes
UF-0337,2026-09-11,Bisi Bakare,GRA ,VG,Veg Box,3,5000,Yes
UF-0338,2026-09-11,Amaka Okoro,Ekenwan,VG,Veg Box,4,5000,Yes
UF-0339,2026-09-12,Tunde Edo,GRA,FB,Family Box,1,8000,Yes
UF-0340,2026-09-12,Chiamaka Nwosu,Ugbowo,FB,Family Box,3,8000,Yes
UF-0341,2026-09-12,Uyi Okoro,Ugbowo,FB,Family Box,10,8000,Yes
UF-0342,2026-09-12,Musa Uwaifo,Ugbowo,FB,Family Box,6,8000,Yes
UF-0343,2026-09-13,Ada Omoregie,GRA,SB,Small Box,5,4500,Yes
UF-0344,2026-09-14,Joy Obi,GRA,VG,Veg Box,2,5000,Yes
UF-0345,2026-09-14,Chiamaka Nwosu,GRA,FB,Family Box,4,8000,Yes
UF-0346,2026-09-16,Grace Osagie,Ugbowo,FR,Fruit Box,2,6000,No
UF-0347,2026-09-17,Ivie Ibrahim,GRA,SB,Small Box,2,4500,Yes
UF-0348,2026-09-17,Zainab Nwosu,GRA,SB,Small Box,4,4500,Yes
UF-0349,2026-09-17,Osas Eze,GRA,FR,Fruit Box,6,6000,Yes
UF-0350,2026-09-17,Efe Ibrahim,GRA,FB,Family Box,6,8000,Yes
UF-0351,2026-09-18,Zainab Edo,GRA,SB,Small Box,6,4500,Yes
UF-0352,2026-09-19,Uyi Nwachukwu,Ugbowo,FB,Family Box,6,8000,Yes
UF-0353,2026-09-19,Musa Omoregie,Ugbowo,SB,Small Box,6,4500,Yes
UF-0354,2026-09-19,Ruth Aigbe,Ugbowo,SB,Small Box,5,4500,Yes
UF-0355,2026-09-20,Efe Ebosele,GRA,FR,Fruit Box,2,6000,Yes
UF-0356,2026-09-20,Zainab Okafor,Ugbowo,SB,Small Box,3,4500,Yes
UF-0357,2026-09-21,Ruth Eze,GRA,FR,Fruit Box,8,6000,Yes
UF-0358,2026-09-22,Kelechi Bakare,Ugbowo,FB,Family Box,8,8000,Yes
UF-0359,2026-09-22,Joy Okoro,Ekenwan,VG,Veg Box,10,5000,Yes
UF-0360,2026-09-22,Ehis Ibrahim,Ekenwan,FR,Fruit Box,5,6000,Yes
UF-0361,2026-09-23,Osaro Edo,GRA,FR,Fruit Box,1,6000,Yes
UF-0362,2026-09-23,Ikpe Nwosu,Ugbowo,FB,Family Box,5,8000,Yes
UF-0363,2026-09-23,Femi Okafor,Ugbowo,FR,Fruit Box,1,6000,No
UF-0364,2026-09-24,Emeka Iyamu,GRA,FR,Fruit Box,1,6000,Yes
UF-0365,2026-09-24,Funmi Edo,GRA,VG,Veg Box,2,5000,Yes
UF-0366,2026-09-25,Ehis Ibrahim,GRA,VG,Veg Box,6,5000,Yes
UF-0367,2026-09-25,Ehis Okafor,Ugbowo,FR,Fruit Box,3,6000,Yes
UF-0368,2026-09-25,Chiamaka Osagie,Ugbowo,FB,Family Box,4,8000,Yes
UF-0369,2026-09-26,Emeka Aigbe,GRA,VG,Veg Box,2,5000,Yes
UF-0370,2026-09-27,Amaka Nwachukwu,GRA,VG,Veg Box,10,5000,Yes
UF-0371,2026-09-28,Emeka Okoro,GRA,FB,Family Box,3,8000,Yes
UF-0372,2026-09-28,Ada Okafor,GRA,FB,Family Box,8,8000,Yes
UF-0373,2026-10-01,Osas Eze,Ugbowo,SB,Small Box,4,4500,Yes
UF-0374,2026-10-02,Grace Akpan,Ugbowo,VG,Veg Box,2,5000,Yes
UF-0375,2026-10-03,Blessing Uwaifo,Ekenwan,FB,Family Box,5,8000,Yes
UF-0376,2026-10-03,Emeka Okoro,Ekenwan,SB,Small Box,4,4500,Yes
UF-0377,2026-10-04,Uyi Okoro,Ugbowo,FR,Fruit Box,5,6000,Yes
UF-0378,2026-10-04,Uyi Okoro,Ekenwan,FR,Fruit Box,4,6000,Yes
UF-0379,2026-10-05,Nosa Ibrahim,GRA,FB,Family Box,6,8000,Yes
UF-0380,2026-10-05,Ngozi Ebosele,Ugbowo,FR,Fruit Box,3,6000,Yes
UF-0381,2026-10-05,Funmi Edo,Ugbowo,FB,Family Box,3,8000,Yes
UF-0382,2026-10-06,Femi Ibrahim,GRA,SB,Small Box,8,4500,Yes
UF-0383,2026-10-06,Ikpe Nwosu,Ugbowo,FB,Family Box,2,8000,Yes
UF-0384,2026-10-06,Kelechi Bakare,Ugbowo,VG,Veg Box,1,5000,Yes
UF-0385,2026-10-07,Efe Nwachukwu,GRA,VG,Veg Box,1,5000,Yes
UF-0386,2026-10-07,Ada Omoregie,Ugbowo,FR,Fruit Box,6,6000,Yes
UF-0387,2026-10-08,Zainab Okafor,Ugbowo,FR,Fruit Box,1,6000,Yes
UF-0388,2026-10-09,Efe Ibrahim,GRA,VG,Veg Box,4,5000,Yes
UF-0389,2026-10-09,Emeka Ebosele,GRA,FB,Family Box,1,8000,Yes
UF-0390,2026-10-10,Joy Omoregie,GRA,VG,Veg Box,10,5000,Yes
UF-0391,2026-10-12,Ehis Okafor,GRA,VG,Veg Box,10,5000,Yes
UF-0392,2026-10-12,Ngozi Ebosele,GRA,FB,Family Box,1,8000,Yes
UF-0393,2026-10-12,Joy Okoro,Ugbowo,FR,Fruit Box,4,6000,Yes
UF-0394,2026-10-13,Emeka Aigbe,GRA,VG,Veg Box,4,5000,Yes
UF-0395,2026-10-13,Joy Obi,GRA,VG,Veg Box,8,5000,No
UF-0396,2026-10-13,Joy Omoregie,GRA,SB,Small Box,1,4500,Yes
UF-0397,2026-10-13,Bisi Bakare,GRA,FB,Family Box,10,8000,No
UF-0398,2026-10-13,Ada Okafor,Ugbowo,SB,Small Box,10,4500,Yes
UF-0399,2026-10-14,Bisi Nwosu,GRA,SB,Small Box,3,4500,Yes
UF-0400,2026-10-14,Efe Nwosu,GRA,FB,Family Box,4,8000,Yes
UF-0401,2026-10-15,Grace Osagie,GRA,FB,Family Box,4,8000,Yes
UF-0402,2026-10-15,Chiamaka Nwosu,Ugbowo,VG,Veg Box,8,5000,Yes
UF-0403,2026-10-15,Blessing Ebosele,Ugbowo,FB,Family Box,10,8000,Yes
UF-0404,2026-10-16,Osas Eze,Ugbowo,FR,Fruit Box,8,6000,No
UF-0405,2026-10-17,Joy Omoregie,GRA,FB,Family Box,4,8000,Yes
UF-0406,2026-10-18,Grace Osagie,Ugbowo,VG,Veg Box,4,5000,Yes
UF-0407,2026-10-18,Emeka Iyamu,Ugbowo,FB,Family Box,6,8000,Yes
UF-0408,2026-10-18,Emeka Eze,Ekenwan,FB,Family Box,1,8000,Yes
UF-0409,2026-10-19,Musa Uwaifo,Ugbowo,FR,Fruit Box,1,6000,No
UF-0410,2026-10-19,Musa Omoregie,Ugbowo,VG,Veg Box,5,5000,No
UF-0411,2026-10-20,Nosa Ibrahim,GRA,VG,Veg Box,1,5000,No
UF-0412,2026-10-21,Ivie Ibrahim,GRA,FB,Family Box,2,8000,Yes
UF-0413,2026-10-21,Efe Osagie,GRA,FB,Family Box,4,8000,Yes
UF-0414,2026-10-21,Blessing Ebosele,GRA,SB,Small Box,5,4500,Yes
UF-0415,2026-10-21,Grace Osagie,Ugbowo,FB,Family Box,4,8000,Yes
UF-0416,2026-10-21,Emeka Edo,Ekenwan,VG,Veg Box,6,5000,Yes
UF-0417,2026-10-22,Efe Osagie,GRA,SB,Small Box,10,4500,Yes
UF-0418,2026-10-22,Joy Okoro,Ugbowo,SB,Small Box,2,4500,Yes
UF-0419,2026-10-23,Joy Adeyemi,GRA,SB,Small Box,3,4500,Yes
UF-0420,2026-10-24,Kelechi Aigbe,GRA,VG,Veg Box,2,5000,Yes
UF-0421,2026-10-24,Zainab Edo,GRA,SB,Small Box,5,4500,Yes
UF-0422,2026-10-24,Emeka Iyamu,GRA,VG,Veg Box,8,5000,Yes
UF-0423,2026-10-24,Tunde Osagie,Ugbowo,FR,Fruit Box,6,6000,Yes
UF-0424,2026-10-24,Chiamaka Nwosu,Ugbowo,SB,Small Box,1,4500,Yes
UF-0425,2026-10-25,Bisi Aigbe,GRA,FB,Family Box,2,8000,Yes
UF-0426,2026-10-26,Kelechi Bakare,GRA,VG,Veg Box,8,5000,Yes
UF-0427,2026-10-26,Kelechi Aigbe,GRA,FR,Fruit Box,2,6000,Yes
UF-0428,2026-10-26,Emeka Ebosele,GRA,SB,Small Box,2,4500,Yes
UF-0429,2026-10-26,Chiamaka Aigbe,Ugbowo,FR,Fruit Box,2,6000,Yes
UF-0430,2026-10-26,Chiamaka Nwachukwu,Ugbowo,VG,Veg Box,6,5000,Yes
UF-0431,2026-10-27,Efe Ebosele,GRA,SB,Small Box,8,4500,Yes
UF-0432,2026-10-28,Emeka Aigbe,GRA,VG,Veg Box,1,5000,Yes
UF-0433,2026-11-01,Ikpe Nwosu,GRA,FB,Family Box,6,8000,Yes
UF-0434,2026-11-01,Bisi Aigbe,Ugbowo,SB,Small Box,3,4500,Yes
UF-0435,2026-11-02,Zainab Edo,GRA,SB,Small Box,5,4500,Yes
UF-0436,2026-11-02,Efe Ebosele,GRA,SB,Small Box,5,4500,No
UF-0437,2026-11-02,Tunde Obi,GRA,SB,Small Box,3,4500,Yes
UF-0438,2026-11-03,Emeka Edo,GRA,SB,Small Box,5,4500,Yes
UF-0439,2026-11-04,Emeka Okoro,GRA ,SB,Small Box,3,4500,Yes
UF-0440,2026-11-04,Grace Iyamu,Ugbowo,SB,Small Box,3,4500,Yes
UF-0441,2026-11-04,Amaka Nwosu,Ugbowo,SB,Small Box,1,4500,Yes
UF-0442,2026-11-04,Ngozi Ebosele,Ugbowo,FR,Fruit Box,10,6000,Yes
UF-0443,2026-11-04,Emeka Obi,Ekenwan,FR,Fruit Box,8,6000,Yes
UF-0444,2026-11-06,Femi Ibrahim,Ugbowo,FB,Family Box,8,8000,Yes
UF-0445,2026-11-06,Osas Eze,Ugbowo,FB,Family Box,4,8000,Yes
UF-0446,2026-11-06,Uyi Nwachukwu,Ugbowo,VG,Veg Box,3,5000,Yes
UF-0447,2026-11-06,Obi Nwachukwu,Ugbowo,FR,Fruit Box,4,6000,Yes
UF-0448,2026-11-07,Nosa Ibrahim,GRA,FB,Family Box,1,8000,No
UF-0449,2026-11-07,Zainab Nwosu,Ugbowo,FR,Fruit Box,1,6000,Yes
UF-0450,2026-11-08,Efe Osagie,GRA,FR,Fruit Box,1,6000,Yes
UF-0451,2026-11-08,Tunde Obi,GRA,FR,Fruit Box,3,6000,Yes
UF-0452,2026-11-08,Ruth Aigbe,GRA,VG,Veg Box,3,5000,Yes
UF-0453,2026-11-08,Tunde Edo,Ugbowo,VG,Veg Box,6,5000,Yes
UF-0454,2026-11-09,Grace Osagie,GRA,SB,Small Box,4,4500,No
UF-0455,2026-11-09,Efe Ibrahim,GRA,SB,Small Box,3,4500,Yes
UF-0456,2026-11-09,Uyi Okoro,Ekenwan,VG,Veg Box,10,5000,Yes
UF-0457,2026-11-10,Ruth Eze,GRA,FR,Fruit Box,8,6000,Yes
UF-0458,2026-11-10,Efe Nwachukwu,GRA,FR,Fruit Box,5,6000,Yes
UF-0459,2026-11-10,Osas Eze,GRA,SB,Small Box,1,4500,Yes
UF-0460,2026-11-10,Blessing Uwaifo,GRA,FB,Family Box,10,8000,Yes
UF-0461,2026-11-11,Chiamaka Ibrahim,GRA,FB,Family Box,6,8000,Yes
UF-0462,2026-11-12,Zainab Okafor,Ugbowo,SB,Small Box,2,4500,Yes
UF-0463,2026-11-12,Blessing Uwaifo,Ugbowo,FB,Family Box,6,8000,Yes
UF-0464,2026-11-13,Zainab Okafor,GRA,FR,Fruit Box,5,6000,No
UF-0465,2026-11-13,Joy Obi,GRA,FR,Fruit Box,2,6000,Yes
UF-0466,2026-11-13,Uyi Iyamu,Ugbowo,FB,Family Box,2,8000,No
UF-0467,2026-11-14,Chiamaka Nwachukwu,GRA,VG,Veg Box,4,5000,Yes
UF-0468,2026-11-14,Joy Okoro,Ugbowo,FB,Family Box,1,8000,Yes
UF-0469,2026-11-14,Emeka Ebosele,Ugbowo,FB,Family Box,2,8000,No
UF-0470,2026-11-15,Femi Ibrahim,GRA,FR,Fruit Box,2,6000,Yes
UF-0471,2026-11-15,Ngozi Ebosele,GRA,VG,Veg Box,1,5000,Yes
UF-0472,2026-11-16,Joy Nwachukwu,Ugbowo,SB,Small Box,6,4500,Yes
UF-0473,2026-11-17,Zainab Nwosu,GRA,FR,Fruit Box,1,6000,Yes
UF-0474,2026-11-18,Funmi Edo,GRA,SB,Small Box,5,4500,Yes
UF-0475,2026-11-19,Amaka Nwosu,GRA,FB,Family Box,2,8000,Yes
UF-0476,2026-11-20,Joy Okoro,GRA,SB,Small Box,10,4500,Yes
UF-0477,2026-11-20,Joy Adeyemi,Ugbowo,FB,Family Box,2,8000,Yes
UF-0478,2026-11-21,Efe Ebosele,GRA,FR,Fruit Box,4,6000,Yes
UF-0479,2026-11-21,Blessing Osagie,GRA,FB,Family Box,1,8000,Yes
UF-0480,2026-11-21,Nosa Ibrahim,Ugbowo,FR,Fruit Box,2,6000,Yes
UF-0481,2026-11-22,Ada Omoregie,GRA,SB,Small Box,3,4500,Yes
UF-0482,2026-11-22,Amaka Nwachukwu,Ekenwan,FB,Family Box,5,8000,Yes
UF-0483,2026-11-23,Funmi Edo,GRA,FB,Family Box,4,8000,Yes
UF-0484,2026-11-23,Amaka Nwachukwu,Ugbowo,FR,Fruit Box,1,6000,Yes
UF-0485,2026-11-23,Joy Obi,Ekenwan,FB,Family Box,1,8000,Yes
UF-0486,2026-11-24,Musa Uwaifo,GRA,FB,Family Box,1,8000,Yes
UF-0487,2026-11-24,Ehis Ibrahim,Ekenwan,SB,Small Box,10,4500,Yes
UF-0488,2026-11-25,Bisi Aigbe,GRA,FR,Fruit Box,3,6000,Yes
UF-0489,2026-11-25,Efe Ibrahim,GRA,FB,Family Box,2,8000,Yes
UF-0490,2026-11-25,Ehis Okafor,Ekenwan,VG,Veg Box,2,5000,Yes
UF-0491,2026-11-26,Chiamaka Ibrahim,GRA,VG,Veg Box,6,5000,Yes
UF-0492,2026-11-26,Emeka Okoro,ugbowo,FB,Family Box,8,8000,No
UF-0493,2026-11-27,Joy Obi,GRA,SB,Small Box,2,4500,Yes
UF-0494,2026-11-27,Emeka Ebosele,Ugbowo,FB,Family Box,10,8000,Yes
UF-0495,2026-11-27,Zainab Nwosu,Ekenwan,FB,Family Box,1,8000,Yes
UF-0496,2026-11-27,Emeka Okoro,Ekenwan,FR,Fruit Box,10,6000,Yes
UF-0497,2026-12-01,Zainab Edo,GRA,VG,Veg Box,8,5000,No
UF-0498,2026-12-01,Ada Okafor,GRA,FR,Fruit Box,6,6000,Yes
UF-0499,2026-12-01,Chiamaka Ibrahim,GRA,FB,Family Box,3,8000,Yes
UF-0500,2026-12-01,Femi Okafor,Ekenwan,FB,Family Box,2,8000,Yes
UF-0501,2026-12-02,Zainab Edo,GRA,SB,Small Box,3,4500,Yes
UF-0502,2026-12-02,Grace Iyamu,GRA,FB,Family Box,6,8000,Yes
UF-0503,2026-12-02,Emeka Okoro,Ugbowo,FR,Fruit Box,6,6000,Yes
UF-0504,2026-12-03,Chiamaka Nwachukwu,Ugbowo,VG,Veg Box,10,5000,Yes
UF-0505,2026-12-04,Amaka Obi,Ugbowo,FB,Family Box,10,8000,Yes
UF-0506,2026-12-05,Zainab Okafor,GRA,VG,Veg Box,4,5000,Yes
UF-0507,2026-12-05,Emeka Obi,GRA,FB,Family Box,5,8000,Yes
UF-0508,2026-12-05,Blessing Uwaifo,Ekenwan,FR,Fruit Box,10,6000,Yes
UF-0509,2026-12-06,Ehis Okafor,GRA,SB,Small Box,1,4500,Yes
UF-0510,2026-12-06,Emeka Aigbe,GRA,FB,Family Box,5,8000,Yes
UF-0511,2026-12-06,Ada Omoregie,Ugbowo,FB,Family Box,2,8000,Yes
UF-0512,2026-12-07,Efe Nwachukwu,Ugbowo,FB,Family Box,4,8000,Yes
UF-0513,2026-12-08,Musa Omoregie,GRA,FB,Family Box,4,8000,Yes
UF-0514,2026-12-08,Joy Omoregie,GRA ,FR,Fruit Box,8,6000,Yes
UF-0515,2026-12-08,Grace Iyamu,Ugbowo,SB,Small Box,2,4500,Yes
UF-0516,2026-12-08,Musa Uwaifo,Ugbowo,FB,Family Box,1,8000,Yes
UF-0517,2026-12-09,Grace Akpan,GRA,SB,Small Box,4,4500,Yes
UF-0518,2026-12-09,Emeka Eze,GRA,VG,Veg Box,8,5000,Yes
UF-0519,2026-12-10,Chiamaka Nwosu,GRA,FR,Fruit Box,2,6000,Yes
UF-0520,2026-12-10,Joy Omoregie,GRA,FB,Family Box,8,8000,Yes
UF-0521,2026-12-10,Emeka Aigbe,GRA,SB,Small Box,4,4500,Yes
UF-0522,2026-12-10,Joy Omoregie,Ugbowo,SB,Small Box,4,4500,Yes
UF-0523,2026-12-11,Zainab Nwosu,GRA,FB,Family Box,2,8000,Yes
UF-0524,2026-12-11,Emeka Edo,GRA,FR,Fruit Box,2,6000,Yes
UF-0525,2026-12-12,Osaro Edo,GRA,SB,Small Box,2,4500,Yes
UF-0526,2026-12-12,Ruth Aigbe,Ugbowo,FB,Family Box,10,8000,Yes
UF-0527,2026-12-13,Emeka Okoro,GRA,SB,Small Box,1,4500,Yes
UF-0528,2026-12-13,Osas Eze,Ugbowo,SB,Small Box,6,4500,Yes
UF-0529,2026-12-14,Chiamaka Nwachukwu,Ugbowo,SB,Small Box,10,4500,Yes
UF-0530,2026-12-14,Chiamaka Osagie,Ugbowo,VG,Veg Box,8,5000,Yes
UF-0531,2026-12-15,Emeka Eze,GRA,SB,Small Box,5,4500,Yes
UF-0532,2026-12-15,Musa Omoregie,Ugbowo,FB,Family Box,4,8000,No
UF-0533,2026-12-15,Emeka Iyamu,Ugbowo,FB,Family Box,2,8000,Yes
UF-0534,2026-12-16,Ehis Okafor,GRA,VG,Veg Box,10,5000,Yes
UF-0535,2026-12-16,Blessing Ebosele,Ugbowo,FR,Fruit Box,2,6000,Yes
UF-0536,2026-12-16,Obi Nwachukwu,Ugbowo,SB,Small Box,4,4500,Yes
UF-0537,2026-12-17,Efe Nwachukwu,Ekenwan,VG,Veg Box,4,5000,Yes
UF-0538,2026-12-18,Emeka Iyamu,Ugbowo,FB,Family Box,2,8000,Yes
UF-0539,2026-12-19,Emeka Aigbe,GRA,SB,Small Box,1,4500,Yes
UF-0540,2026-12-19,Emeka Eze,GRA,SB,Small Box,3,4500,No
UF-0541,2026-12-19,Efe Ebosele,Ugbowo,FB,Family Box,2,8000,Yes
UF-0542,2026-12-19,Blessing Ebosele,Ugbowo,FB,Family Box,4,8000,No
UF-0543,2026-12-20,Emeka Okoro,GRA,FR,Fruit Box,2,6000,Yes
UF-0544,2026-12-20,Joy Adeyemi,GRA,FB,Family Box,1,8000,Yes
UF-0545,2026-12-20,Ada Omoregie,GRA,VG,Veg Box,2,5000,Yes
UF-0546,2026-12-21,Chiamaka Osagie,GRA,FB,Family Box,2,8000,Yes
UF-0547,2026-12-21,Joy Obi,GRA,FB,Family Box,10,8000,Yes
UF-0548,2026-12-21,Emeka Obi,GRA,SB,Small Box,5,4500,Yes
UF-0549,2026-12-21,Osas Eze,GRA,SB,Small Box,4,4500,Yes
UF-0550,2026-12-21,Joy Obi,Ugbowo,SB,Small Box,10,4500,Yes
UF-0551,2026-12-21,Joy Okoro,Ugbowo,SB,Small Box,6,4500,Yes
UF-0552,2026-12-21,Joy Adeyemi,Ekenwan,VG,Veg Box,4,5000,Yes
UF-0553,2026-12-22,Kelechi Bakare,Ugbowo,SB,Small Box,2,4500,Yes
UF-0554,2026-12-22,Efe Ebosele,Ugbowo,FB,Family Box,4,8000,No
UF-0555,2026-12-22,Ngozi Ebosele,Ugbowo,SB,Small Box,2,4500,Yes
UF-0556,2026-12-23,Grace Osagie,GRA,FB,Family Box,5,8000,Yes
UF-0557,2026-12-23,Joy Omoregie,GRA,FR,Fruit Box,4,6000,Yes
UF-0558,2026-12-23,Femi Okafor,Ugbowo,SB,Small Box,10,4500,Yes
UF-0559,2026-12-24,Grace Osagie,Ugbowo,SB,Small Box,2,4500,Yes
UF-0560,2026-12-25,Musa Omoregie,GRA,FB,Family Box,1,8000,Yes
UF-0561,2026-12-25,Tunde Obi,GRA,FB,Family Box,1,8000,Yes
UF-0562,2026-12-25,Efe Ibrahim,GRA,SB,Small Box,1,4500,Yes
UF-0563,2026-12-25,Amaka Obi,GRA,VG,Veg Box,8,5000,Yes
UF-0564,2026-12-25,Uyi Iyamu,GRA,FR,Fruit Box,6,6000,No
UF-0565,2026-12-25,Emeka Eze,GRA,SB,Small Box,6,4500,Yes
UF-0566,2026-12-25,Zainab Nwosu,GRA,VG,Veg Box,5,5000,Yes
UF-0567,2026-12-25,Bisi Nwosu,Ugbowo,SB,Small Box,1,4500,Yes
UF-0568,2026-12-25,Osaro Edo,Ekenwan,FB,Family Box,3,8000,Yes
UF-0569,2026-12-27,Uyi Okoro,GRA,FB,Family Box,2,8000,Yes
UF-0570,2026-12-27,Blessing Osagie,GRA,FB,Family Box,8,8000,Yes
UF-0571,2026-12-28,Emeka Iyamu,Ugbowo,SB,Small Box,1,4500,No
UF-0572,2026-12-28,Joy Obi,Ekenwan,FB,Family Box,5,8000,Yes
